shelf,object_no,object_name,acq_no,image_no,view,file_path,caption,alt_text
Top,1,Pelike,MU4759,1,front,assets/exhibitionShelfs/Top Shelf/Pelike/1 Pelike_MU4759_front_Image1.jpg,"Pelike, MU4759, front view © Gale History Museum","Object 1. A Pelike. A large Greek-style vase. The scene depicts two men facing each other. One appears to use a staff, possibly as a mobility aid."
Top,1,Pelike,MU4759,2,front scene,assets/exhibitionShelfs/Top Shelf/Pelike/1 Pelike_MU4759_front scene_Image2.jpg,"Pelike, MU4759, front close-up of scene © Gale History Museum","Object 1. Close-up of the scene on a pelike. A large Greek-style vase. The scene depicts two men facing each other. One appears to use a staff, possibly as a mobility aid."
Top,1,Pelike,MU4759,3,back,assets/exhibitionShelfs/Top Shelf/Pelike/1 Pelike_MU4759_back_Image3.jpg,"Pelike, MU4759, back view © Gale History Museum","Object 1. A Pelike. A large Greek-style vase. The scene depicts one seated man and one standing woman facing each other. The woman holds a fan and the man a dish of some sort. Flower-like shapes border the top, scrolls and swirls line the sides, and a Greek key runs along the bottom."
Middle,2,Reclining Figure,MU4249,1,front,assets/exhibitionShelfs/Middle Shelf/Reclining_Figue/2 Reclining Figure_MU4249_front_Image1.jpg,"2 Reclining Figure, MU4249, front view © Gale History Museum","Object 2. Reclining figure. This mould-made ceramic figure depicts a person reclining on their left side on a chaise-like base. The bodily and facial features are unclear due to the softness of the moulding. Remnants of pink-red, cream, and yellow paint are heavily worn on the base, back, and legs of the figure."
Middle,2,Reclining Figure,MU4249,2,back,assets/exhibitionShelfs/Middle Shelf/Reclining_Figue/2 Reclining Figure_MU4249_back_Image2.jpg,"2 Reclining Figure, MU4249, back view © Gale History Museum","Object 2. Reclining figure. This mould-made ceramic figure depicts a person reclining on their left side on a chaise-like base. This is the back of the figurine, which is smooth. Very few remnants of pink-red, cream, and yellow paint are visible on the back."
Middle,2,Reclining Figure,MU4249,3,base,assets/exhibitionShelfs/Middle Shelf/Reclining_Figue/2 Reclining Figure_MU4249_base_Image3.jpg,"2 Reclining Figure, MU4249, base view © Gale History Museum","Object 2. Reclining figure. This mould-made ceramic figure depicts a person reclining on their left side on a chaise-like base. This is a photo of the figurine’s base. The museum accession number is visible, as are some remnants of yellow and pink-red paint."
Middle,3,Bronze dancer (replica),MU0101,1,front,assets/exhibitionShelfs/Middle Shelf/Bronze_Dnacer/3 Bronze Dancer_MU0101_front_Image1.jpg,"3 Bronze dancer, MU0101, front view © Gale History Museum","Object 3. Bronze dancer (a replica), a metal figurine of a woman appearing to dance, fitted to a wooden base."
Middle,3,Bronze dancer (replica),MU0101,2,back,assets/exhibitionShelfs/Middle Shelf/Bronze_Dnacer/3 Bronze Dancer_MU0101_back_Image2.jpg,"3 Bronze dancer, MU0101, back view © Gale History Museum","Object 3. Bronze dancer (a replica), the back of a metal figurine showing a woman appearing to dance, fitted to a wooden base."
Middle,3,Bronze dancer (replica),MU0101,3,left side front,assets/exhibitionShelfs/Middle Shelf/Bronze_Dnacer/3 Bronze Dancer_MU0101_left side front_Image3.jpg,"3 Bronze dancer, MU0101, left side front © Gale History Museum","Object 3. Bronze dancer (a replica), a metal figurine of a woman appearing to dance, fitted to a wooden base. The figurine is angled so the woman’s front left side is visible."
Middle,3,Bronze dancer (replica),MU0101,4,left side back,assets/exhibitionShelfs/Middle Shelf/Bronze_Dnacer/3 Bronze Dancer_MU0101_left side back_Image4.jpg,"3 Bronze dancer, MU0101, left side back view © Gale History Museum","Object 3. Bronze dancer (a replica), a metal figurine of a woman appearing to dance, fitted to a wooden base. The figurine is angled so the woman’s left side and back are visible."
Middle,3,Bronze dancer (replica),MU0101,5,right side front,assets/exhibitionShelfs/Middle Shelf/Bronze_Dnacer/3 Bronze Dancer_MU0101_right side front_Image5.jpg,"3 Bronze dancer, MU0101, right side front view © Gale History Museum","Object 3. Bronze dancer (a replica), a metal figurine of a woman appearing to dance, fitted to a wooden base. The figurine is angled so the woman’s front right side is visible."
Middle,3,Bronze dancer (replica),MU0101,6,right side back,assets/exhibitionShelfs/Middle Shelf/Bronze_Dnacer/3 Bronze Dancer_MU0101_right side back_Image6.jpg,"3 Bronze dancer, MU0101, right side back view © Gale History Museum","Object 3. Bronze dancer (a replica), a metal figurine of a woman appearing to dance, fitted to a wooden base. The figurine is angled so the woman’s right side and back are visible."
Middle,4,Figure of a musician,MU0086,1,front,assets/exhibitionShelfs/Middle Shelf/Figure_of_a_musician/4 Figure of a Musician_MU0086_front_Image1.jpg,"4. Figure of a musician, MU0086, front view © Gale History Museum","Object 4. Figure of a Musician. A carved figure kneeling, holding a drum with both hands"
Middle,4,Figure of a musician,MU0086,2,hero shot,assets/exhibitionShelfs/Middle Shelf/Figure_of_a_musician/4 Figure of a Musician_MU0086_hero shot_Image2.jpg,"4. Figure of a musician, MU0086, front right-side view © Gale History Museum.","Object 4. Figure of a Musician. A carved figure kneeling, holding a drum with both hands. The figure is angled so the drummer’s front-right side is visible."
Middle,4,Figure of a musician,MU0086,3,front left side,assets/exhibitionShelfs/Middle Shelf/Figure_of_a_musician/4 Figure of a Musician_MU0086_front left side_Image3.jpg,"4. Figure of a musician, MU0086, front left-side view © Gale History Museum","Object 4. Figure of a Musician. A carved figure kneeling, holding a drum with both hands. The figure is angled so the drummer’s front-left side is visible."
Middle,4,Figure of a musician,MU0086,4,left side,assets/exhibitionShelfs/Middle Shelf/Figure_of_a_musician/4 Figure of a Musician_MU0086_left side_Image4.jpg,"4. Figure of a musician, MU0086, left side view © Gale History Museum","Object 4. Figure of a Musician. A carved figure kneeling, holding a drum with both hands. The figure is angled so its left side faces forward."
Middle,4,Figure of a musician,MU0086,5,right side,assets/exhibitionShelfs/Middle Shelf/Figure_of_a_musician/4 Figure of a Musician_MU0086_right side_Image5.jpg,"4. Figure of a musician, MU0086, right side view © Gale History Museum","Object 4. Figure of a Musician. A carved figure kneeling, holding a drum with both hands. The figure is angled so its right side faces forward."
Middle,4,Figure of a musician,MU0086,6,left side back,assets/exhibitionShelfs/Middle Shelf/Figure_of_a_musician/4 Figure of a Musician_MU0086_left side back_Image6.jpg,"4. Figure of a musician, MU0086, back left-side view © Gale History Museum","Object 4. Figure of a Musician. A carved figure kneeling, holding a drum with both hands. The figure is angled so its left side and back are visible."
Middle,4,Figure of a musician,MU0086,7,right side back,assets/exhibitionShelfs/Middle Shelf/Figure_of_a_musician/4 Figure of a Musician_MU0086_right side back_Image7.jpg,"4. Figure of a musician, MU0086, back right-side view © Gale History Museum","Object 4. Figure of a Musician. A carved figure kneeling, holding a drum with both hands. The figure is angled so its right side and back are visible."
Middle,4,Figure of a musician,MU0086,8,back,assets/exhibitionShelfs/Middle Shelf/Figure_of_a_musician/4 Figure of a Musician_MU0086_back_Image8.jpg,"4. Figure of a musician, MU0086, back view © Gale History Museum","Object 4. Figure of a Musician. A carved figure kneeling, holding a drum with both hands. The figure is angled so its back is visible."
Middle,5,Seated statuette,MU3735,1,front,assets/exhibitionShelfs/Middle Shelf/Seated_Statuette/5 Seated Statuette_MU3735_front_Image1.jpg,"5. Seated statuette, MU3735, front view © Gale History Museum",Object 5. Seated statuette. A ceramic statuette of a seated human figure. The object is possibly mould-made and is placed on a (modern) black base. The figure wears a large and tall circular headdress and is seated upright.
Middle,5,Seated statuette,MU3735,2,front left side,assets/exhibitionShelfs/Middle Shelf/Seated_Statuette/5 Seated Statuette_MU3735_front left side_Image2.jpg,"5. Seated statuette, MU3735, front left side view © Gale History Museum",Object 5. Seated statuette. A ceramic statuette of a seated human figure. The object is possibly mould-made and is placed on a (modern) black base. The figure wears a large and tall circular headdress and is seated upright. The figure is angled so its front-left side is visible.
Middle,5,Seated statuette,MU3735,3,left side,assets/exhibitionShelfs/Middle Shelf/Seated_Statuette/5 Seated Statuette_MU3735_left side_Image3.jpg,"5. Seated statuette, MU3735, left side view © Gale History Museum",Object 5. Seated statuette. A ceramic statuette of a seated human figure. The object is possibly mould-made and is placed on a (modern) black base. The figure wears a large and tall circular headdress and is seated upright. The figure is angled so left side is visible.
Middle,5,Seated statuette,MU3735,4,right side,assets/exhibitionShelfs/Middle Shelf/Seated_Statuette/5 Seated Statuette_MU3735_right side_Image4.jpg,"5. Seated statuette, MU3735, right side view © Gale History Museum",Object 5. Seated statuette. A ceramic statuette of a seated human figure. The object is possibly mould-made and is placed on a (modern) black base. The figure wears a large and tall circular headdress and is seated upright. The figure is angled so its right side is visible.
Middle,5,Seated statuette,MU3735,5,back,assets/exhibitionShelfs/Middle Shelf/Seated_Statuette/5 Seated Statuette_MU3735_back_Image5.jpg,"5. Seated statuette, MU3735, back view © Gale History Museum",Object 5. Seated statuette. A ceramic statuette of a seated human figure. The object is possibly mould-made and is placed on a (modern) black base. The figure wears a large and tall circular headdress and is seated upright. The figure is angled so its back is visible.
Middle,6,Bronze figure of Priapus,MU4697,1,front,assets/exhibitionShelfs/Middle Shelf/Bronze_figurine_of_Priapus/6 Bronze Figurine of Priapus_MU4697_front_Image1.jpg,"Bronze figure of Priapus, MU4697, front view © Gale History Museum",Object 6. Bronze figure of Priapus. A metal figurine of the deity Priapus. He is facing forward with an obviously enlarged and erect penis.
Middle,6,Bronze figure of Priapus,MU4697,2,close up,assets/exhibitionShelfs/Middle Shelf/Bronze_figurine_of_Priapus/6 Bronze Figurine of Priapus_MU4697_close up_Image2.jpg,"Bronze figure of Priapus, MU4697, view of upper torso © Gale History Museum","Object 6. Bronze figure of Priapus. A metal figurine of the deity Priapus. He is facing forward with an obviously enlarged and erect penis. Close-up showing only the figurine’s top half, from groin up."
Middle,6,Bronze figure of Priapus,MU4697,3,back,assets/exhibitionShelfs/Middle Shelf/Bronze_figurine_of_Priapus/6 Bronze Figurine of Priapus_MU4697_back_Image3.jpg,"Bronze figure of Priapus, MU4697, back view © Gale History Museum","Object 6. Bronze figure of Priapus. A metal figurine of the deity Priapus. He is facing forward with an obviously enlarged and erect penis, but this image is of the back of the figurine, showing the thin metal museum mount."
Middle,6,Bronze figure of Priapus,MU4697,4,right side,assets/exhibitionShelfs/Middle Shelf/Bronze_figurine_of_Priapus/6 Bronze Figurine of Priapus_MU4697_right side_Image4.jpg,"Bronze figure of Priapus, MU4697, right-side view © Gale History Museum",Object 6. Bronze figure of Priapus. A metal figurine of the deity Priapus. He is facing forward with an obviously enlarged and erect penis. The figure is angled so the right side is visible.
Middle,6,Bronze figure of Priapus,MU4697,5,right side front,assets/exhibitionShelfs/Middle Shelf/Bronze_figurine_of_Priapus/6 Bronze Figurine of Priapus_MU4697_right side front_Image5.jpg,"Bronze figure of Priapus, MU4697, front-right side view © Gale History Museum",Object 6. Bronze figure of Priapus. A metal figurine of the deity Priapus. He is facing forward with an obviously enlarged and erect penis. The figure is angled so the front-right side is visible.
Middle,6,Bronze figure of Priapus,MU4697,6,left side front,assets/exhibitionShelfs/Middle Shelf/Bronze_figurine_of_Priapus/6 Bronze Figurine of Priapus_MU4697_left side front_Image6.jpg,"Bronze figure of Priapus, MU4697, front-left side view © Gale History Museum",Object 6. Bronze figure of Priapus. A metal figurine of the deity Priapus. He is facing forward with an obviously enlarged and erect penis. The figure is angled so the front-left side is visible.
Middle,6,Bronze figure of Priapus,MU4697,7,left side,assets/exhibitionShelfs/Middle Shelf/Bronze_figurine_of_Priapus/6 Bronze Figurine of Priapus_MU4697_left side_Image7.jpg,"Bronze figure of Priapus, MU4697, left-side view © Gale History Museum",Object 6. Bronze figure of Priapus. A metal figurine of the deity Priapus. He is facing forward with an obviously enlarged and erect penis. The figure is angled so the left side is visible.
Middle,6,Bronze figure of Priapus,MU4697,8,top,assets/exhibitionShelfs/Middle Shelf/Bronze_figurine_of_Priapus/6 Bronze Figurine of Priapus_MU4697_top_Image8.jpg,"Bronze figure of Priapus, MU4697, top view © Gale History Museum","Object 6. Bronze figure of Priapus. A metal figurine of the deity Priapus. He is facing forward with an obviously enlarged and erect penis. The image shows the figurine from above, with a view of the top of Priapus’ head."
Middle,6,Bronze figure of Priapus,MU4697,9,bottom,assets/exhibitionShelfs/Middle Shelf/Bronze_figurine_of_Priapus/6 Bronze Figurine of Priapus_MU4697_bottom_Image9.jpg,"Bronze figure of Priapus, MU4697, base view © Gale History Museum","Object 6. Bronze figure of Priapus. A metal figurine of the deity Priapus. He is facing forward with an obviously enlarged and erect penis. The image shows the base of the figurine, with the museum’s object number on Priapus’ feet."
Middle,7,Terracotta figurine,MU2676,1,front,assets/exhibitionShelfs/Middle Shelf/Terracotta_figurine/7 Terracotta Figurine_MU2676_front_Image1.jpg,"Terracotta figurine, MU2676, front view © Gale History Museum","Object 7. Terracotta figurine, a ceramic human-like figure. The face is shaped with a long, pointed nose, and holes in the clay indicate eyes and a mouth. The body is very loosely moulded and flares widely to a circular shape at the bottom. The figure is placed on a black (modern) square base."
Middle,7,Terracotta figurine,MU2676,2,front left side,assets/exhibitionShelfs/Middle Shelf/Terracotta_figurine/7 Terracotta Figurine_MU2676_front left side_Image2.jpg,"Terracotta figurine, MU2676, front-left side view © Gale History Museum","Object 7. Terracotta figurine, a ceramic human-like figure. The face is shaped with a long, pointed nose, and holes in the clay indicate eyes and a mouth. The body is very loosely moulded and flares widely to a circular shape at the bottom. The figure is placed on a black (modern) square base. The figure is angled so the front-left side is visible."
Middle,7,Terracotta figurine,MU2676,3,front right side,assets/exhibitionShelfs/Middle Shelf/Terracotta_figurine/7 Terracotta Figurine_MU2676_front right side_Image3.jpg,"Terracotta figurine, MU2676, front-right side view © Gale History Museum","Object 7. Terracotta figurine, a ceramic human-like figure. The face is shaped with a long, pointed nose, and holes in the clay indicate eyes and a mouth. The body is very loosely moulded and flares widely to a circular shape at the bottom. The figure is placed on a black (modern) square base. The figure is angled so the front-right side is visible."
Middle,7,Terracotta figurine,MU2676,4,left side,assets/exhibitionShelfs/Middle Shelf/Terracotta_figurine/7 Terracotta Figurine_MU2676_left side_Image4.jpg,"Terracotta figurine, MU2676, left side view © Gale History Museum","Object 7. Terracotta figurine, a ceramic human-like figure. The face is shaped with a long, pointed nose, and holes in the clay indicate eyes and a mouth. The body is very loosely moulded and flares widely to a circular shape at the bottom. The figure is placed on a black (modern) square base. The figure is angled so the left side is visible."
Middle,7,Terracotta figurine,MU2676,5,right side,assets/exhibitionShelfs/Middle Shelf/Terracotta_figurine/7 Terracotta Figurine_MU2676_right side_Image5.jpg,"Terracotta figurine, MU2676, right side view © Gale History Museum","Object 7. Terracotta figurine, a ceramic human-like figure. The face is shaped with a long, pointed nose, and holes in the clay indicate eyes and a mouth. The body is very loosely moulded and flares widely to a circular shape at the bottom. The figure is placed on a black (modern) square base. The figure is angled so the right side is visible."
Middle,7,Terracotta figurine,MU2676,6,back left side,assets/exhibitionShelfs/Middle Shelf/Terracotta_figurine/7 Terracotta Figurine_MU2676_back left side_Image6.jpg,"Terracotta figurine, MU2676, back left-side view © Gale History Museum","Object 7. Terracotta figurine, a ceramic human-like figure. The face is shaped with a long, pointed nose, and holes in the clay indicate eyes and a mouth. The body is very loosely moulded and flares widely to a circular shape at the bottom. The figure is placed on a black (modern) square base. The figure is angled so the back-left side is visible."
Middle,7,Terracotta figurine,MU2676,7,back right side,assets/exhibitionShelfs/Middle Shelf/Terracotta_figurine/7 Terracotta Figurine_MU2676_back right side_Image7.jpg,"Terracotta figurine, MU2676, back-right side view © Gale History Museum","Object 7. Terracotta figurine, a ceramic human-like figure. The face is shaped with a long, pointed nose, and holes in the clay indicate eyes and a mouth. The body is very loosely moulded and flares widely to a circular shape at the bottom. The figure is placed on a black (modern) square base. The figure is angled so the back-right side is visible."
Middle,7,Terracotta figurine,MU2676,8,back,assets/exhibitionShelfs/Middle Shelf/Terracotta_figurine/7 Terracotta Figurine_MU2676_back_Image8.jpg,"Terracotta figurine, MU2676, back view © Gale History Museum","Object 7. Terracotta figurine, a ceramic human-like figure. The body is very loosely moulded and flares widely to a circular shape at the bottom. The figure is placed on a black (modern) square base. The figure is angled so its back is visible; the back is smooth except for three small pieces of clay pinched and lying flat at the top of the head, almost mimicking hair."
Middle,8,Amulet of Pataikos,MU0523,1,front,assets/exhibitionShelfs/Middle Shelf/Amulet_Of_pataikos/8 Amulet of Pataikos_MU0523_front_Image1.jpg,"Amulet of Pataikos, MU0523, front view © Gale History Museum","Object 8. Amulet of Pataikos. Moulded in faience, a teal-green glazed ceramic, this small amuletic figure is of the ancient Egyptian deity Pataikos. Represented as a standing male figure with dwarfism, a large head, and clenched fists, with legs slightly bent apart. Behind the figure's head, there is a loop for it to be worn."
Middle,8,Amulet of Pataikos,MU0523,2,back,assets/exhibitionShelfs/Middle Shelf/Amulet_Of_pataikos/8 Amulet of Pataikos_MU0523_back_Image2.jpg,"Amulet of Pataikos, MU0523, back view © Gale History Museum","Object 8. Amulet of Pataikos. Moulded in faience, a teal-green glazed ceramic, this small amuletic figure is of the ancient Egyptian deity Pataikos. Represented as a standing male figure with dwarfism, a large head, and clenched fists, with legs slightly bent apart. Behind the figure's head, there is a loop for it to be worn. This photo shows the back of the amulet, where the figure’s butt is clearly defined."
Middle,8,Amulet of Pataikos,MU0523,3,right side,assets/exhibitionShelfs/Middle Shelf/Amulet_Of_pataikos/8 Amulet of Pataikos_MU0523_right side_Image3.jpg,"Amulet of Pataikos, MU0523, right side view © Gale History Museum","Object 8. Amulet of Pataikos. Moulded in faience, a teal-green glazed ceramic, this small amuletic figure is of the ancient Egyptian deity Pataikos. Represented as a standing male figure with dwarfism, a large head, and clenched fists, with legs slightly bent apart. Behind the figure's head, there is a loop for it to be worn. The figurine lies on its back with its right side visible, clearly showing the loop for threading."
Middle,8,Amulet of Pataikos,MU0523,4,left side,assets/exhibitionShelfs/Middle Shelf/Amulet_Of_pataikos/8 Amulet of Pataikos_MU0523_left side_Image4.jpg,"Amulet of Pataikos, MU0523, left side view © Gale History Museum","Object 8. Amulet of Pataikos. Moulded in faience, a teal-green glazed ceramic, this small amuletic figure is of the ancient Egyptian deity Pataikos. Represented as a standing male figure with dwarfism, a large head, and clenched fists, with legs slightly bent apart. Behind the figure's head, there is a loop for it to be worn. The figurine lies on its back with its left side visible, clearly showing the loop for threading."
Middle,8,Amulet of Pataikos,MU0523,5,top,assets/exhibitionShelfs/Middle Shelf/Amulet_Of_pataikos/8 Amulet of Pataikos_MU0523_top_Image5.jpg,"Amulet of Pataikos, MU0523, top view © Gale History Museum","Object 8. Amulet of Pataikos. Moulded in faience, a teal-green glazed ceramic, this small amuletic figure is of the ancient Egyptian deity Pataikos. Represented as a standing male figure with dwarfism, a large head, and clenched fists, with legs slightly bent apart. Behind the figure's head, there is a loop for it to be worn. The photo is taken of the top of the figure’s head, which appears to be smooth."
Middle,8,Amulet of Pataikos,MU0523,6,bottom,assets/exhibitionShelfs/Middle Shelf/Amulet_Of_pataikos/8 Amulet of Pataikos_MU0523_bottom_Image6.jpg,"Amulet of Pataikos, MU0523, base view © Gale History Museum","Object 8. Amulet of Pataikos. Moulded in faience, a teal-green glazed ceramic, this small amuletic figure is of the ancient Egyptian deity Pataikos. Represented as a standing male figure with dwarfism, a large head, and clenched fists, with legs slightly bent apart. Behind the figure's head, there is a loop for it to be worn. This photo shows the base of the amulet, where the museum number ‘MU523’ is written in a white marker."
Bottom,9,Feeding cup,AHM/1985/053,1,front angled,assets/exhibitionShelfs/Bottom Shelf/Feeding_Cup/9 Feeding Cup_AHM1985053_front angled_image1.jpg,"Feeding cup, AHM/1985/053, front view angled © Gale History Museum","9. Feeding cup, a white porcelain cup, with a long pouring spout and small handle. The top of the cup is half enclosed on the spout side to enable the vessel to be tilted. There is an outlining gold decoration applied around the edges of the top of the vessel, and a strip of gold on the pouring spout. While heavily faded, there appears to have been a gold line also on the vessel’s handle."
Bottom,9,Feeding cup,AHM/1985/053,2,sideprofile with handle,assets/exhibitionShelfs/Bottom Shelf/Feeding_Cup/9 Feeding Cup_AHM1985053_sideprofile with handle_image2.jpg,"Feeding cup, AHM/1985/053, side profile with handle view © Gale History Museum","9. Feeding cup, a white porcelain cup, with a long pouring spout and small handle. The top of the cup is half enclosed on the spout side to enable the vessel to be tilted. There is an outlining gold decoration applied around the edges of the top of the vessel, and a strip of gold on each side of the pouring spout. While heavily faded, there appears to have been a gold line also on the vessel’s handle. The vessel is angled so this handle is directly in view."
Bottom,9,Feeding cup,AHM/1985/053,3,sideprofile without handle,assets/exhibitionShelfs/Bottom Shelf/Feeding_Cup/9 Feeding Cup_AHM1985053_sideprofile without handle_image3.jpg,"Feeding cup, AHM/1985/053, side profile without handle view © Gale History Museum","9. Feeding cup, a white porcelain cup, with a long pouring spout and small handle. The top of the cup is half enclosed on the spout side to enable the vessel to be tilted. There is an outlining gold decoration applied around the edges of the top of the vessel, and a strip of gold on each side of the pouring spout."
Bottom,9,Feeding cup,AHM/1985/053,4,front,assets/exhibitionShelfs/Bottom Shelf/Feeding_Cup/9 Feeding Cup_AHM1985053_front_image4.jpg,"Feeding cup, AHM/1985/053, front view © Gale History Museum","9. Feeding cup, a white porcelain cup, with a long pouring spout and small handle. The top of the cup is half enclosed on the spout side to enable the vessel to be tilted. There is an outlining gold decoration applied around the edges of the top of the vessel, and a strip of gold on each side of the pouring spout. While heavily faded, there appears to have been a gold line also on the vessel’s handle."
Bottom,9,Feeding cup,AHM/1985/053,5,back,assets/exhibitionShelfs/Bottom Shelf/Feeding_Cup/9 Feeding Cup_AHM1985053_back_image5.jpg,"Feeding cup, AHM/1985/053, back view © Gale History Museum","9. Feeding cup, a white porcelain cup, with a long pouring spout and small handle. The top of the cup is half enclosed on the spout side to enable the vessel to be tilted. There is an outlining gold decoration applied around the edges of the top of the vessel, and a strip of gold on each side of the pouring spout. While heavily faded, there appears to have been a gold line also on the vessel’s handle."
Bottom,9,Feeding cup,AHM/1985/053,6,top,assets/exhibitionShelfs/Bottom Shelf/Feeding_Cup/9 Feeding Cup_AHM1985053_top_image6.jpg,"Feeding cup, AHM/1985/053, top view © Gale History Museum","9. Feeding cup, a white porcelain cup, with a long pouring spout and small handle. In the image, the cup is angled so the top is in full view. The top of the cup is half enclosed on the spout side to enable the vessel to be tilted. There is an outlining gold decoration applied around the edges of the top of the vessel, and a strip of gold on each side of the pouring spout. While heavily faded, there appears to have been a gold line also on the vessel’s handle."
Bottom,9,Feeding cup,AHM/1985/053,7,bottom,assets/exhibitionShelfs/Bottom Shelf/Feeding_Cup/9 Feeding Cup_AHM1985053_bottom_image7.jpg,"Feeding cup, AHM/1985/053, bottom view © Gale History Museum","9. Feeding cup, a white porcelain cup, with a long pouring spout and small handle. The top of the cup is half enclosed on the spout side to enable the vessel to be tilted. There is an outlining gold decoration applied around the edges of the top of the vessel, and a strip of gold on each side of the pouring spout. The photograph shows the base of the cup, including the museum label, ‘AH85053.’ Another gold line is visible from this angle on the underside of the pouring spout."
Bottom,10,Spouted Vessel,MU0091,1,front angled,assets/exhibitionShelfs/Bottom Shelf/Spouted_vessel/10 Spouted Vessel_MU0091_front angled_Image1.jpg,"10. Spouted vessel, MU0091, front-angled view © Gale History Museum","Object 10. Spouted vessel. A likely wheel-made ceramic vessel. There is a handle over the top of a flaring rim. The vessel has a narrow neck and a wide, ovoid-shaped body with a circular base.  At the shoulder of the vessel is a spout, pointed upwards to allow the vessel to tilt. Several faded black lines can be seen around the handle, neck, and body."
Bottom,10,Spouted Vessel,MU0091,2,left side,assets/exhibitionShelfs/Bottom Shelf/Spouted_vessel/10 Spouted Vessel_MU0091_left side_Image2.jpg,"10. Spouted vessel, MU0091, left side view © Gale History Museum","Object 10. Spouted vessel. A likely wheel-made ceramic vessel. There is a handle over the top of a flaring rim. The vessel has a narrow neck and a wide, ovoid-shaped body with a circular base.  At the shoulder of the vessel is a spout, pointed upwards to allow the vessel to tilt. Several faded black lines appear around the handle, neck, and body."
Bottom,10,Spouted Vessel,MU0091,3,right side,assets/exhibitionShelfs/Bottom Shelf/Spouted_vessel/10 Spouted Vessel_MU0091_right side_Image3.jpg,"10. Spouted vessel, MU0091, right side view © Gale History Museum","Object 10. Spouted vessel. A likely wheel-made ceramic vessel. There is a handle over the top of a flaring rim. The vessel has a narrow neck and a wide, ovoid-shaped body with a circular base.  At the shoulder of the vessel is a spout, pointed upwards to allow the vessel to tilt. The vessel is angled so only one side is visible. On this side, the faded black lines, including one prominent wavy line, are stronger."
Bottom,10,Spouted Vessel,MU0091,4,front,assets/exhibitionShelfs/Bottom Shelf/Spouted_vessel/10 Spouted Vessel_MU0091_front_Image4.jpg,"10. Spouted vessel, MU0091, front view © Gale History Museum","Object 10. Spouted vessel. A likely wheel-made ceramic vessel. There is a handle over the top of a flaring rim. The vessel has a narrow neck and a wide, ovoid-shaped body with a circular base.  At the shoulder of the vessel is a spout, pointed upwards to allow the vessel to tilt. Several faded black and brown lines appear around the handle, neck, and body."
Bottom,10,Spouted Vessel,MU0091,5,back,assets/exhibitionShelfs/Bottom Shelf/Spouted_vessel/10 Spouted Vessel_MU0091_back_Image5.jpg,"10. Spouted vessel, MU0091, back view © Gale History Museum","Object 10. Spouted vessel. A likely wheel-made ceramic vessel. There is a handle over the top of a flaring rim. The vessel has a narrow neck and a wide, ovoid-shaped body with a circular base.  A spout at the shoulder of the vessel points upward to allow the vessel to tilt. Several faded black and brown lines can be seen around the handle, neck, and body."
Bottom,10,Spouted Vessel,MU0091,6,top,assets/exhibitionShelfs/Bottom Shelf/Spouted_vessel/10 Spouted Vessel_MU0091_top_Image6.jpg,"10. Spouted vessel, MU0091, top view © Gale History Museum","Object 10. Spouted vessel. A likely wheel-made ceramic vessel. There is a handle over the top of a flaring rim. The vessel has a narrow neck and a wide, ovoid-shaped body with a circular base.  At the shoulder of the vessel is a spout, pointed upwards to allow the vessel to tilt. Several faded black and brown lines can be seen around the handle, neck, and body. The vessel has been angled so the top is in view. The brown and black lines continue on the top of the handle."
Bottom,10,Spouted Vessel,MU0091,7,bottom,assets/exhibitionShelfs/Bottom Shelf/Spouted_vessel/10 Spouted Vessel_MU0091_bottom_Image7.jpg,"10. Spouted vessel, MU0091, bottom view © Gale History Museum","Object 10. Spouted vessel. A likely wheel-made ceramic vessel. There is a handle over the top of a flaring rim. The vessel has a narrow neck and a wide, ovoid-shaped body with a circular base.  At the shoulder of the vessel is a spout, pointed upwards to allow the vessel to tilt. Several faded black lines can be seen around the handle, neck, and body. The vessel has been tilted to show the base, the museum number can be seen in white marker, ‘MU 91.’"
Bottom,11,Feeding Vessel,MU3368,1,hero shot,assets/exhibitionShelfs/Bottom Shelf/Feeding_Vessel/11 Feeding Vessel_MU3368_hero shot_Image1.jpg,"11. Feeding vessel, MU3368, front angled view © Gale History Museum","Object 11. Feeding vessel. A small, black ceramic vessel with an enclosed top perforated with several incised holes in the centre, a narrow handle, a thin pouring spout and a flat base."
Bottom,11,Feeding Vessel,MU3368,2,front,assets/exhibitionShelfs/Bottom Shelf/Feeding_Vessel/11 Feeding Vessel_MU3368_front_Image2.jpg,"11. Feeding vessel, MU3368, front view © Gale History Museum","Object 11. Feeding vessel. A small, black ceramic vessel with an enclosed top perforated with several incised holes in the centre, a narrow handle, a thin pouring spout and a flat base. There is some discolouration around the tip of the spout where the glaze has worn off."
Bottom,11,Feeding Vessel,MU3368,3,front left side,assets/exhibitionShelfs/Bottom Shelf/Feeding_Vessel/11 Feeding Vessel_MU3368_front left side_Image3.jpg,"11. Feeding vessel, MU3368, front-left side view © Gale History Museum","Object 11. Feeding vessel. A small, black ceramic vessel with an enclosed top perforated with several incised holes in the centre, a narrow handle, a thin pouring spout and a flat base"
Bottom,11,Feeding Vessel,MU3368,4,left side,assets/exhibitionShelfs/Bottom Shelf/Feeding_Vessel/11 Feeding Vessel_MU3368_left side_Image4.jpg,"11. Feeding vessel, MU3368, left side view © Gale History Museum","Object 11. Feeding vessel. A small, black ceramic vessel with an enclosed top perforated with several incised holes in the centre, a narrow handle, a thin pouring spout and a flat base. A small but deep horizontal scratch is visible on the vessel body, just below the neck."
Bottom,11,Feeding Vessel,MU3368,5,back left side,assets/exhibitionShelfs/Bottom Shelf/Feeding_Vessel/11 Feeding Vessel_MU3368_back left side_Image5.jpg,"11. Feeding vessel, MU3368, back-left side view © Gale History Museum","Object 11. Feeding vessel. A small, black ceramic vessel with an enclosed top perforated with several incised holes in the centre, a narrow handle, a thin pouring spout and a flat base"
Bottom,11,Feeding Vessel,MU3368,6,back,assets/exhibitionShelfs/Bottom Shelf/Feeding_Vessel/11 Feeding Vessel_MU3368_back_Image6.jpg,"11. Feeding vessel, MU3368, back view © Gale History Museum","Object 11. Feeding vessel. A small, black ceramic vessel with an enclosed top perforated with several incised holes in the centre, a narrow handle, a thin pouring spout and a flat base"
Bottom,11,Feeding Vessel,MU3368,7,back right side,assets/exhibitionShelfs/Bottom Shelf/Feeding_Vessel/11 Feeding Vessel_MU3368_back right side_Image7.jpg,"11. Feeding vessel, MU3368, back-right side view © Gale History Museum","Object 11. Feeding vessel. A small, black ceramic vessel with an enclosed top perforated with several incised holes in the centre, a narrow handle, a thin pouring spout and a flat base"
Bottom,11,Feeding Vessel,MU3368,8,right side,assets/exhibitionShelfs/Bottom Shelf/Feeding_Vessel/11 Feeding Vessel_MU3368_right side_Image8.jpg,"11. Feeding vessel, MU3368, right side with handle in view © Gale History Museum","Object 11. Feeding vessel. A small, black ceramic vessel with an enclosed top perforated with several incised holes in the centre, a narrow handle, a thin pouring spout and a flat base. The vessel is angled so its handle is in view. Where the handle meets the vessel body, the clay appears slightly raised and lumpy."
Bottom,11,Feeding Vessel,MU3368,9,top,assets/exhibitionShelfs/Bottom Shelf/Feeding_Vessel/11 Feeding Vessel_MU3368_top_Image9.jpg,"11. Feeding vessel, MU3368, top view © Gale History Museum","Object 11. Feeding vessel. A small, black ceramic vessel with an enclosed top perforated with several incised holes in the centre, a narrow handle, thin pouring spout and a flat base. The vessel has been tilted so the top is in full view. 18 small round holes cluster in the centre of the lid, which is concave. There are some minor scratches into the black glaze."
Bottom,11,Feeding Vessel,MU3368,10,bottom,assets/exhibitionShelfs/Bottom Shelf/Feeding_Vessel/11 Feeding Vessel_MU3368_bottom_Image10.jpg,"11. Feeding vessel, MU3368, bottom view © Gale History Museum","Object 11. Feeding vessel. A small, black ceramic vessel with an enclosed top perforated several incised holes in the centre, a narrow handle, thin pouring spout and a flat base. The vessel is angled so the base is visible. It is an unglazed ‘terracotta’ in colouring, and the museum number is visible in white pen: ‘MU 3368.’"
